"tree","inference_model","inference_model_weight","site_model","clock_model","tree_prior","error_1","error_2","error_3","error_4"
"true","generative",NA,"JC69","strict","yule",4.05363015446534,0.0507343903109265,0.0677127813992868,0.165119031469275
"true","candidate",0.997170510412139,"TN93","strict","birth_death",4.05363015446534,0.0361387583862589,0.24614816682117,0.0729083695610586
"twin","generative",NA,"JC69","strict","yule",1.01513825968255,0.00698794395286628,0.149443910777671,0.28856012761649
"twin","candidate",0.612039585187103,"HKY","strict","yule",1.01513825968255,0.032584623215501,0.0450367368865511,0.0306656416281229
