Sample	posterior	ESS(posterior)	likelihood	prior
0	-9107.481923108897	N	-9100.861115463562	-6.620807645334903
1000	-5561.54550736959	2.0	-5558.31082841821	-3.23467895137997
2000	-5560.7482006704095	3.0	-5557.70713640906	-3.0410642613495913
3000	-5562.624085146774	4.0	-5559.482940862641	-3.141144284132971
