Sample	posterior	ESS(posterior)	likelihood	prior
0	-9142.166013945705	N	-9133.679846266396	-8.48616767930919
1000	-5591.416771622379	2.0	-5586.001850924483	-5.414920697896376
2000	-5592.289905600265	3.0	-5586.357019532131	-5.93288606813436
3000	-5591.412067675206	4.0	-5584.742043452253	-6.67002422295309
