"","site_model_name","clock_model_name","tree_prior_name","marg_log_lik","marg_log_lik_sd","weight","ess"
"1","GTR","strict","yule",-33833.7792245993,16.1749158883835,5.93171768389053e-16,11.1330167434679
"2","GTR","strict","birth_death",-33869.4189535711,18.5141474117219,1.97261732854071e-31,11.1040715414445
"3","HKY","strict","yule",-33833.0808596446,16.7424938355473,1.19254978669132e-15,10.2973274422037
"4","HKY","strict","birth_death",-33798.7181826993,15.5354957984781,0.999994243179244,9.39696127529227
"5","JC69","strict","birth_death",-33810.9832031387,13.7189824592812,4.71375279086968e-06,11.7974146446394
"6","TN93","strict","yule",-33846.4051105957,15.7656452427505,1.94907187860078e-21,17.47664832056
"7","TN93","strict","birth_death",-33812.4915211654,14.3732383555785,1.04306796306308e-06,14.5620035122451
