"","site_model_name","clock_model_name","tree_prior_name","marg_log_lik","marg_log_lik_sd","weight","ess"
"1","GTR","strict","yule",-5582.35955962976,4.18306194313057,0.00625087572778674,6.48167461719924
"2","GTR","strict","birth_death",-5594.35617318185,6.04551676009341,3.85369906548744e-08,12.3076916434441
"3","HKY","strict","yule",-5577.77548423804,4.0814867863268,0.612039585187103,6.65660643979717
"4","HKY","strict","birth_death",-5583.01893135133,4.92833961166745,0.00323280392470161,6.46960119519822
"5","JC69","strict","birth_death",-5578.25794764001,4.8612021853672,0.377788139179552,6.50884073519701
"6","TN93","strict","yule",-5586.27728167989,4.66973484078063,0.000124307060529683,9.95949709473513
"7","TN93","strict","birth_death",-5584.76453838405,4.45779180014071,0.00056425038333553,7.42707241364434
